"scan_date","site_domain","competitor_name","run_time_domain","monthly_visitors","contacts_json","got_blocked","already_working","is_running_ads","ad_evidence"
"2025-12-09","0k0a.blogspot.com","PropellerAds","http://madurird.com/","0","{""emails"": [], ""socials"": []}","false","false","false","Heuristic score: 1.70"
"2025-12-09","1-tap-vip-panel-ff.latestmodapks.com","PropellerAds","http://madurird.com/","0","{}","true","false","false","Blocked"
"2025-12-09","100soccerstreams-com.mutawakkil.com","PropellerAds","http://madurird.com/","0","{""emails"": [], ""socials"": [""https://www.facebook.com/sharer"", ""https://twitter.com/home"", ""https://www.linkedin.com/shareArticle""]}","false","false","false","Heuristic score: 1.70"
"2025-12-09","100soccerstreams.com.cutestat.com","PropellerAds","http://madurird.com/","0","{}","true","false","false","Blocked"
"2025-12-09","100soccerstreams.com.siteindices.com","PropellerAds","http://madurird.com/","0","{""emails"": [""abuse@godaddy.com"", ""abuse@godaddy.com"", ""100soccerstreams.com@domainsbyproxy.com"", ""100soccerstreams.com@domainsbyproxy.com"", ""100soccerstreams.com@domainsbyproxy.com""], ""socials"": []}","false","false","false","Heuristic score: 1.50"
"2025-12-09","100soccerstreams.net.updowntoday.com","PropellerAds","http://madurird.com/","0","{""emails"": [], ""socials"": []}","false","false","false","Heuristic score: 0.00"
"2025-12-09","12-labours-of-hercules-iv-mother-nature.en.softonic.com","PropellerAds","http://madurird.com/","0","{""emails"": [], ""socials"": [""https://www.facebook.com/sharer"", ""https://www.facebook.com/softonic.en"", ""https://www.instagram.com/Softonic"", ""https://www.linkedin.com/company""]}","false","false","true","Heuristic score: 2.90"
"2025-12-09","17mag.net","PropellerAds","http://madurird.com/","0","{""emails"": [], ""socials"": []}","false","false","false","Heuristic score: 0.00"
"2025-12-09","1keys.net","PropellerAds","http://madurird.com/","0","{""emails"": [""support@1keys.net""], ""socials"": []}","false","false","false","Heuristic score: 0.00"
"2025-12-09","1shortlink.com","PropellerAds","http://madurird.com/","0","{""emails"": [], ""socials"": [""https://www.facebook.com/1ShortLink""]}","false","false","false","Heuristic score: 0.00"
"2025-12-09","21goal.com","PropellerAds","http://madurird.com/","0","{""emails"": [], ""socials"": []}","false","false","false","Heuristic score: 0.00"
"2025-12-09","247888.xyz","PropellerAds","http://madurird.com/","0","{""emails"": [], ""socials"": []}","false","false","false","Heuristic score: 0.50"
"2025-12-09","2kata-ru.livejournal.com","PropellerAds","http://madurird.com/","0","{""emails"": [], ""socials"": [""https://www.youtube.com/watch"", ""https://instagram.com/p""]}","false","false","false","Heuristic score: 1.20"
"2025-12-09","2sport1.tv","PropellerAds","http://madurird.com/","0","{""emails"": [""contact.2sporttv@gmail.com""], ""socials"": [""https://twitter.com/2sporttv"", ""https://www.facebook.com/news.2sporttv""]}","false","false","false","Heuristic score: 0.20"
"2025-12-09","360-vuz.en.aptoide.com","PropellerAds","http://madurird.com/","0","{""emails"": [""info@360mea.com""], ""socials"": [""https://www.facebook.com/aptoide"", ""https://twitter.com/Aptoide"", ""https://www.instagram.com/aptoideappstore"", ""https://www.youtube.com/user"", ""https://www.facebook.com/360VUZ"", ""https://twitter.com/360vuz"", ""https://www.instagram.com/360vuz"", ""https://www.linkedin.com/company"", ""https://www.facebook.com/360VUZ"", ""https://twitter.com/360vuz"", ""https://www.instagram.com/360vuz"", ""https://www.linkedin.com/company"", ""https://www.facebook.com/aptoide"", ""https://twitter.com/aptoide"", ""https://www.instagram.com/aptoidestore"", ""https://www.youtube.com/user"", ""https://www.linkedin.com/company"", ""https://www.facebook.com/360VUZ"", ""https://twitter.com/360vuz"", ""https://www.instagram.com/360vuz"", ""https://www.linkedin.com/company""]}","false","false","false","Heuristic score: 1.70"
"2025-12-09","360gamerrgh.com","PropellerAds","http://madurird.com/","0","{""emails"": [], ""socials"": [""instagram.com/danie.abel"", ""https://www.youtube.com/watch""]}","false","false","false","Heuristic score: 1.70"
"2025-12-09","365tv-mod.latestmodapks.com","PropellerAds","http://madurird.com/","0","{}","true","false","false","Blocked"
"2025-12-09","3d-ultra-pinball-thrillride.programas-gratis.net","PropellerAds","http://madurird.com/","0","{""emails"": [], ""socials"": [""https://twitter.com/pgnet_"", ""https://www.facebook.com/programasgratis.net""]}","false","false","false","Heuristic score: 1.50"
"2025-12-09","64in1-nes-classic.latestmodapks.com","PropellerAds","http://madurird.com/","0","{}","true","false","false","Blocked"
"2025-12-09","8-ball-aimpool.en.divxland.org","PropellerAds","http://madurird.com/","0","{""emails"": [], ""socials"": [""https://www.facebook.com/Divxland.Play.Store.APK"", ""https://www.facebook.com/Mah.Nassar"", ""https://www.facebook.com/Divxland.Play.Store.APK"", ""https://www.facebook.com/sharer"", ""https://twitter.com/intent"", ""https://www.linkedin.com/shareArticle""]}","false","false","true","Heuristic score: 3.20"
"2025-12-09","91bpw.com","PropellerAds","http://madurird.com/","0","{}","true","false","false","Blocked"
"2025-12-09","9anime.apk.dog","PropellerAds","http://madurird.com/","0","{""emails"": [""giuseppeswalkere@gmail.com"", ""giuseppeswalkere@gmail.com""], ""socials"": []}","false","false","true","Heuristic score: 3.50"
"2025-12-09","9anime.es.download.it","PropellerAds","http://madurird.com/","0","{}","true","false","false","Blocked"
"2025-12-09","9anime2.apk.dog","PropellerAds","http://madurird.com/","0","{""emails"": [""nine9anime@gmail.com"", ""nine9anime@gmail.com""], ""socials"": []}","false","false","true","Heuristic score: 3.50"
"2025-12-09","a-hat-in-time.en.download.it","PropellerAds","http://madurird.com/","0","{}","true","false","false","Blocked"
"2025-12-09","a-zlinks.net","PropellerAds","http://madurird.com/","0","{}","false","true","false","Existing Client"
"2025-12-09","a82live.com","PropellerAds","http://madurird.com/","0","{}","false","true","false","Existing Client"
"2025-12-09","abcgames.net","PropellerAds","http://madurird.com/","0","{}","false","true","false","Existing Client"
"2025-12-09","abcproxy.com","PropellerAds","http://madurird.com/","0","{}","false","true","false","Existing Client"
"2025-12-09","abcvg.com","PropellerAds","http://madurird.com/","0","{}","false","true","false","Existing Client"
"2025-12-09","abxylute.com","PropellerAds","http://madurird.com/","0","{}","false","true","false","Existing Client"
"2025-12-09","abysscdn.com","PropellerAds","http://madurird.com/","0","{}","false","true","false","Existing Client"
"2025-12-09","abyssus.fandom.com","PropellerAds","http://madurird.com/","0","{}","false","true","false","Existing Client"
"2025-12-09","account.vintagestory.at","PropellerAds","http://madurird.com/","0","{}","false","true","false","Existing Client"
"2025-12-09","accounts.taptap.com","PropellerAds","http://madurird.com/","0","{}","false","true","false","Existing Client"
"2025-12-09","aceimg.com","PropellerAds","https://www.amt3.com","0","{""emails"": [], ""socials"": []}","false","false","false","Heuristic score: 0.00"
"2025-12-09","acorte.xyz","PropellerAds","https://www.amt3.com","0","{""emails"": [], ""socials"": []}","false","false","false","Heuristic score: 0.00"
"2025-12-09","actionandstuff.com","PropellerAds","https://www.amt3.com","0","{""emails"": [], ""socials"": [""https://www.linkedin.com/sharing"", ""https://www.facebook.com/sharer""]}","false","false","false","Heuristic score: 0.00"
"2025-12-09","actions-and-stuff.id.modcombo.com","PropellerAds","https://www.amt3.com","0","{}","true","false","false","Blocked"
"2025-12-09","actions-and-stuff.modcombo.com","PropellerAds","https://www.amt3.com","0","{}","true","false","false","Blocked"
"2025-12-09","actions-and-stuff.pt.modcombo.com","PropellerAds","https://www.amt3.com","0","{}","true","false","false","Blocked"
"2025-12-09","adamgamerz07.blogspot.com","PropellerAds","https://www.amt3.com","0","{""emails"": [], ""socials"": []}","false","false","false","Heuristic score: 0.20"
"2025-12-09","adblocker-ultimate-browser.apkgold.es","PropellerAds","https://www.amt3.com","0","{""emails"": [""support@adblockultimate.net"", ""support@adblockultimate.net"", ""support@adblockultimate.net"", ""support@adblockultimate.net""], ""socials"": [""https://www.youtube.com/watch""]}","false","false","true","Heuristic score: 3.50"
"2025-12-09","addams-family-mystery-mansion.es.aptoide.com","PropellerAds","https://www.amt3.com","0","{""emails"": [""addams@pixowl.com""], ""socials"": [""https://www.facebook.com/aptoide"", ""https://twitter.com/Aptoide"", ""https://www.instagram.com/aptoideappstore"", ""https://www.youtube.com/user"", ""https://www.facebook.com/Addams-Family-Mystery-Mansion-431262807718188"", ""https://www.facebook.com/Addams-Family-Mystery-Mansion-431262807718188"", ""https://www.facebook.com/aptoide"", ""https://twitter.com/aptoide"", ""https://www.instagram.com/aptoidestore"", ""https://www.youtube.com/user"", ""https://www.linkedin.com/company"", ""https://www.facebook.com/Addams-Family-Mystery-Mansion-431262807718188""]}","false","false","false","Heuristic score: 1.70"
"2025-12-09","admin.olweb.tv","PropellerAds","https://www.amt3.com","0","{""emails"": [""online-tv-media@yandex.com""], ""socials"": [""http://www.facebook.com/pages""]}","false","false","false","Heuristic score: 1.70"
"2025-12-09","adobe-lightroom-1-mod.latestmodapks.com","PropellerAds","https://www.amt3.com","0","{}","true","false","false","Blocked"
"2025-12-09","adobe-lightroom.de.malavida.com","PropellerAds","https://www.amt3.com","0","{""emails"": [], ""socials"": [""https://www.facebook.com/sharer"", ""https://www.facebook.com/malavida""]}","false","false","true","Heuristic score: 4.40"
"2025-12-09","aermultinet.com","PropellerAds","https://www.amt3.com","0","{""emails"": [], ""socials"": [""https://facebook.com/aermultinet"", ""https://youtube.com/aermultinet"", ""https://twitter.com/aermultinet"", ""https://facebook.com/aermultinet"", ""https://instagram.com/aermultinet"", ""https://youtube.com/aermultinet""]}","false","false","false","Heuristic score: 0.50"
"2025-12-09","afro-disiac.co.uk","PropellerAds","https://www.amt3.com","0","{""emails"": [""abc@xyz.com""], ""socials"": [""https://www.facebook.com/afrodisiacliveradio"", ""https://twitter.com/AfrodisiacRadio"", ""https://www.instagram.com/afrodisiacliveradio"", ""https://www.youtube.com/channel"", ""https://www.facebook.com/afrodisiacliveradio"", ""https://twitter.com/AfrodisiacRadio"", ""https://www.instagram.com/afrodisiacliveradio"", ""https://www.youtube.com/channel"", ""https://www.youtube.com/embed"", ""https://www.facebook.com/afrodisiacliveradio"", ""https://www.youtube.com/channel"", ""https://twitter.com/AfrodisiacRadio"", ""https://www.instagram.com/afrodisiacliveradio"", ""https://www.facebook.com/afrodisiacliveradio"", ""https://twitter.com/AfrodisiacRadio"", ""https://www.instagram.com/afrodisiacliveradio"", ""https://www.youtube.com/channel"", ""https://www.facebook.com/afrodisiacliveradio"", ""https://twitter.com/AfrodisiacRadio"", ""https://www.instagram.com/afrodisiacliveradio"", ""https://www.youtube.com/channel"", ""https://www.youtube.com/iframe_api""]}","false","false","false","Heuristic score: 0.50"
"2025-12-09","afterimage.modcombo.com","PropellerAds","https://www.amt3.com","0","{}","true","false","false","Blocked"
"2025-12-09","age-of-civilizations-2.softonic.com.tr","PropellerAds","https://www.amt3.com","0","{""emails"": [], ""socials"": [""https://www.facebook.com/sharer"", ""https://www.facebook.com/softonic.en"", ""https://www.instagram.com/Softonic"", ""https://www.linkedin.com/company""]}","false","false","true","Heuristic score: 2.90"
"2025-12-09","age-of-empires-3-complete-collection.en.softonic.com","PropellerAds","https://www.amt3.com","0","{""emails"": [], ""socials"": [""https://www.facebook.com/sharer"", ""https://www.facebook.com/softonic.en"", ""https://www.instagram.com/Softonic"", ""https://www.linkedin.com/company""]}","false","false","true","Heuristic score: 2.90"
"2025-12-09","age-of-empires-iii-the-warchiefs.softonic.com.tr","PropellerAds","https://www.amt3.com","0","{""emails"": [], ""socials"": [""https://www.facebook.com/sharer"", ""https://www.facebook.com/softonic.en"", ""https://www.instagram.com/Softonic"", ""https://www.linkedin.com/company""]}","false","false","true","Heuristic score: 2.90"
"2025-12-09","age-of-empires-iii.tr.uptodown.com","PropellerAds","https://www.amt3.com","0","{""emails"": [], ""socials"": [""https://www.youtube.com/uptodown"", ""https://instagram.com/uptodown"", ""https://www.linkedin.com/company"", ""https://www.facebook.com/Uptodown.International"", ""https://www.facebook.com/Uptodown"", ""https://www.facebook.com/Uptodown.International"", ""https://twitter.com/Uptodown"", ""https://www.youtube.com/user"", ""https://www.linkedin.com/company"", ""https://instagram.com/uptodown""]}","false","false","false","Heuristic score: 0.20"
"2025-12-09","age-of-empires-iv.softonic.com.tr","PropellerAds","https://www.amt3.com","0","{""emails"": [], ""socials"": [""https://www.facebook.com/sharer"", ""https://www.facebook.com/softonic.en"", ""https://www.instagram.com/Softonic"", ""https://www.linkedin.com/company""]}","false","false","true","Heuristic score: 2.90"
"2025-12-09","ages-of-conflict-world-war-simulator-mod.en.softonic.com","PropellerAds","https://www.amt3.com","0","{""emails"": [], ""socials"": [""https://www.facebook.com/sharer"", ""https://www.facebook.com/softonic.en"", ""https://www.instagram.com/Softonic"", ""https://www.linkedin.com/company""]}","false","false","true","Heuristic score: 2.90"
"2025-12-09","agito-driver-system.vn.aptoide.com","PropellerAds","https://www.amt3.com","0","{""emails"": [""samel.goang@gmail.com""], ""socials"": [""https://www.facebook.com/aptoide"", ""https://twitter.com/Aptoide"", ""https://www.instagram.com/aptoideappstore"", ""https://www.youtube.com/user"", ""https://www.facebook.com/aptoide"", ""https://twitter.com/aptoide"", ""https://www.instagram.com/aptoidestore"", ""https://www.youtube.com/user"", ""https://www.linkedin.com/company""]}","false","false","false","Heuristic score: 1.70"
"2025-12-09","ai-chatbot-assistant-ai-chat.apk.dog","PropellerAds","https://www.amt3.com","0","{""emails"": [""support@dialpro-llc.com"", ""support@dialpro-llc.com"", ""support@dialpro-llc.com""], ""socials"": []}","false","false","true","Heuristic score: 3.50"
"2025-12-09","ai-fiesta.en.aptoide.com","PropellerAds","https://www.amt3.com","0","{}","true","false","false","Blocked"
"2025-12-09","ai2u-with-you-till-the-end.en.softonic.com","PropellerAds","https://www.amt3.com","0","{""emails"": [], ""socials"": [""https://www.facebook.com/sharer"", ""https://www.facebook.com/softonic.en"", ""https://www.instagram.com/Softonic"", ""https://www.linkedin.com/company""]}","false","false","true","Heuristic score: 2.90"
"2025-12-09","aimwave.app","PropellerAds","https://www.amt3.com","0","{}","false","true","false","Existing Client"
"2025-12-09","airbrush.softonic.com","PropellerAds","https://www.amt3.com","0","{}","false","true","false","Existing Client"
"2025-12-09","airline-commander-a-real-flight-experience.en.softonic.com","PropellerAds","https://www.amt3.com","0","{}","false","true","false","Existing Client"
"2025-12-09","akhbarfights.blogspot.com","PropellerAds","https://www.amt3.com","0","{}","false","true","false","Existing Client"
"2025-12-09","alawarland.com","PropellerAds","https://www.amt3.com","0","{}","false","true","false","Existing Client"
"2025-12-09","alemdarleech.net","PropellerAds","https://www.amt3.com","0","{}","false","true","false","Existing Client"
"2025-12-09","alfalink.to","PropellerAds","https://www.amt3.com","0","{}","false","true","false","Existing Client"
"2025-12-09","alfalinks.in","PropellerAds","https://www.amt3.com","0","{}","false","true","false","Existing Client"
"2025-12-09","alien-shooter-free.th.uptodown.com","PropellerAds","https://www.amt3.com","0","{}","false","true","false","Existing Client"
"2025-12-09","all-live-tv-channels.en.softonic.com","PropellerAds","https://www.amt3.com","0","{}","false","true","false","Existing Client"
"2025-12-09","all-video-downloader-allvideodownloader.ar.uptodown.com","PropellerAds","x3os.com/","0","{""emails"": [], ""socials"": [""https://www.youtube.com/uptodown"", ""https://instagram.com/uptodown"", ""https://www.linkedin.com/company"", ""https://www.facebook.com/Uptodown.International"", ""https://www.facebook.com/Uptodown"", ""https://www.facebook.com/Uptodown.International"", ""https://twitter.com/Uptodown"", ""https://www.youtube.com/user"", ""https://www.linkedin.com/company"", ""https://instagram.com/uptodown""]}","false","false","false","Heuristic score: 0.20"
"2025-12-09","all-video-downloader-allvideodownloader.de.uptodown.com","PropellerAds","x3os.com/","0","{""emails"": [], ""socials"": [""https://www.youtube.com/uptodown"", ""https://instagram.com/uptodown"", ""https://www.linkedin.com/company"", ""https://www.facebook.com/Uptodown.International"", ""https://www.facebook.com/Uptodown"", ""https://www.facebook.com/Uptodown.International"", ""https://twitter.com/Uptodown"", ""https://www.youtube.com/user"", ""https://www.linkedin.com/company"", ""https://instagram.com/uptodown""]}","false","false","false","Heuristic score: 0.20"
"2025-12-09","all-video-downloader-allvideodownloader.fr.uptodown.com","PropellerAds","x3os.com/","0","{""emails"": [], ""socials"": [""https://www.youtube.com/uptodown"", ""https://instagram.com/uptodown"", ""https://www.linkedin.com/company"", ""https://www.facebook.com/Uptodown.International"", ""https://www.facebook.com/Uptodown"", ""https://www.facebook.com/Uptodown.International"", ""https://twitter.com/Uptodown"", ""https://www.youtube.com/user"", ""https://www.linkedin.com/company"", ""https://instagram.com/uptodown""]}","false","false","false","Heuristic score: 0.20"
"2025-12-09","alldebrid.fr","PropellerAds","x3os.com/","0","{""emails"": [], ""socials"": [""https://www.facebook.com/permalink.php"", ""https://www.facebook.com/permalink.php"", ""https://www.facebook.com/permalink.php"", ""https://www.facebook.com/permalink.php"", ""https://www.facebook.com/permalink.php"", ""https://www.facebook.com/permalink.php"", ""http://www.facebook.com/pages"", ""https://www.facebook.com/Alldebrid-fran""]}","false","false","false","Heuristic score: 0.00"
"2025-12-09","alldeepfake.ink","PropellerAds","x3os.com/","0","{""emails"": [], ""socials"": []}","false","false","false","Heuristic score: 0.20"
"2025-12-09","alliceteam.altervista.org","PropellerAds","x3os.com/","0","{""emails"": [], ""socials"": [""https://www.facebook.com/danganronpaitalia"", ""https://twitter.com/All_Ice_Team""]}","false","false","false","Heuristic score: 0.20"
"2025-12-09","alphosting.ch","PropellerAds","x3os.com/","0","{""emails"": [""support@tizoo.com"", ""support@tizoo.com"", ""billing@tizoo.com"", ""billing@tizoo.com"", ""info@tizoo.com"", ""info@tizoo.com""], ""socials"": []}","false","false","false","Heuristic score: 0.20"
"2025-12-09","an-elmwood-trail.updatestar.com","PropellerAds","x3os.com/","0","{}","true","false","false","Blocked"
"2025-12-09","anchorpanic.en.aptoide.com","PropellerAds","x3os.com/","0","{}","true","false","false","Blocked"
"2025-12-09","andro-pop.com","PropellerAds","x3os.com/","0","{""emails"": [], ""socials"": [""https://www.instagram.com/teknobgt""]}","false","false","false","Heuristic score: 0.20"
"2025-12-09","androhack.ru","PropellerAds","x3os.com/","0","{""emails"": [], ""socials"": []}","false","false","false","Heuristic score: 0.00"
"2025-12-09","android-tv-home.vi.uptodown.com","PropellerAds","x3os.com/","0","{""emails"": [], ""socials"": [""https://www.youtube.com/uptodown"", ""https://instagram.com/uptodown"", ""https://www.linkedin.com/company"", ""https://www.facebook.com/Uptodown.International"", ""https://www.facebook.com/Uptodown"", ""https://www.facebook.com/Uptodown.International"", ""https://twitter.com/Uptodown"", ""https://www.youtube.com/user"", ""https://www.linkedin.com/company"", ""https://instagram.com/uptodown""]}","false","false","false","Heuristic score: 0.20"
"2025-12-09","androidcatch.com","PropellerAds","x3os.com/","0","{""emails"": [], ""socials"": [""https://www.facebook.com/Androidcatch"", ""https://twitter.com/HeyAndroidcatch""]}","false","false","false","Heuristic score: 0.20"
"2025-12-09","androidmagazine.eu","PropellerAds","x3os.com/","0","{""emails"": [""info@textfactory.cz""], ""socials"": [""https://www.facebook.com/AndroidMagazineEU""]}","false","false","false","Heuristic score: 0.50"
"2025-12-09","angry-birds.tr.uptodown.com","PropellerAds","x3os.com/","0","{""emails"": [], ""socials"": [""https://www.youtube.com/uptodown"", ""https://instagram.com/uptodown"", ""https://www.linkedin.com/company"", ""https://www.facebook.com/Uptodown.International"", ""https://www.youtube.com/watch"", ""https://www.facebook.com/Uptodown"", ""https://www.facebook.com/Uptodown.International"", ""https://twitter.com/Uptodown"", ""https://www.youtube.com/user"", ""https://www.linkedin.com/company"", ""https://instagram.com/uptodown""]}","false","false","false","Heuristic score: 0.20"
"2025-12-09","anichinx.my.id","PropellerAds","x3os.com/","0","{""emails"": [], ""socials"": []}","false","false","false","Heuristic score: 0.00"
"2025-12-09","anikoto.tv","PropellerAds","x3os.com/","0","{""emails"": [], ""socials"": []}","false","false","false","Heuristic score: 1.70"
"2025-12-09","anilab.en.malavida.com","PropellerAds","x3os.com/","0","{""emails"": [], ""socials"": [""https://www.facebook.com/sharer"", ""https://www.facebook.com/malavida""]}","false","false","true","Heuristic score: 4.40"
"2025-12-09","anilabapk.net","PropellerAds","x3os.com/","0","{""emails"": [], ""socials"": []}","false","false","false","Heuristic score: 0.20"
"2025-12-09","anime-hit.com","PropellerAds","x3os.com/","0","{}","true","false","false","Blocked"
"2025-12-09","anime-jl.com","PropellerAds","x3os.com/","0","{""emails"": [], ""socials"": []}","false","false","false","Heuristic score: 0.20"
"2025-12-09","anime-salt.en.modilimitado.io","PropellerAds","x3os.com/","0","{""emails"": [], ""socials"": [""https://www.facebook.com/modilimitadoio"", ""https://www.facebook.com/modilimitadoio""]}","false","false","false","Heuristic score: 0.00"
"2025-12-09","anime-tv-boswell-studio.en.aptoide.com","PropellerAds","x3os.com/","0","{""emails"": [""boswellsharonann416@gmail.com""], ""socials"": [""https://www.facebook.com/aptoide"", ""https://twitter.com/Aptoide"", ""https://www.instagram.com/aptoideappstore"", ""https://www.youtube.com/user"", ""https://www.facebook.com/aptoide"", ""https://twitter.com/aptoide"", ""https://www.instagram.com/aptoidestore"", ""https://www.youtube.com/user"", ""https://www.linkedin.com/company""]}","false","false","false","Heuristic score: 1.70"
"2025-12-09","anime-world.softonic.com","PropellerAds","x3os.com/","0","{""emails"": [""f0e540abd02c401a8af5ab8ce8e3eaf1@o4508370636111872.ingest.de.sentry.io""], ""socials"": [""https://www.facebook.com/sharer"", ""https://www.facebook.com/Softonic"", ""https://www.instagram.com/Softonic"", ""https://www.linkedin.com/company""]}","false","false","true","Heuristic score: 2.90"
"2025-12-09","animefox-watch-anime-helper.en.softonic.com","PropellerAds","x3os.com/","0","{""emails"": [], ""socials"": [""https://www.facebook.com/sharer"", ""https://www.facebook.com/softonic.en"", ""https://www.instagram.com/Softonic"", ""https://www.linkedin.com/company""]}","false","false","true","Heuristic score: 2.90"
"2025-12-09","animego.fr.uptodown.com","PropellerAds","x3os.com/","0","{}","false","true","false","Existing Client"
"2025-12-09","animehd.one","PropellerAds","x3os.com/","0","{}","false","true","false","Existing Client"
"2025-12-09","animekai.en.modilimitado.io","PropellerAds","x3os.com/","0","{}","false","true","false","Existing Client"
"2025-12-09","animelab.co","PropellerAds","x3os.com/","0","{}","false","true","false","Existing Client"
"2025-12-09","animeowl-stream-and-watch-sub-and-dub-anime.apk.dog","PropellerAds","x3os.com/","0","{}","false","true","false","Existing Client"
"2025-12-09","animeowl-to.lol","PropellerAds","x3os.com/","0","{}","false","true","false","Existing Client"
"2025-12-09","animepahe.en.malavida.com","PropellerAds","x3os.com/","0","{}","false","true","false","Existing Client"
"2025-12-09","animestream.online","PropellerAds","x3os.com/","0","{}","false","true","false","Existing Client"
"2025-12-09","animesuge-watch-anime-free.apkcafe.fr","PropellerAds","x3os.com/","0","{}","false","true","false","Existing Client"
"2025-12-09","animesuper95.blogspot.com","PropellerAds","x3os.com/","0","{}","false","true","false","Existing Client"
"2025-12-09","asuswebstorage.com","AdCash","http://dysses.com","0","{}","true","false","false","Blocked"
"2025-12-09","atkapp.in","AdCash","http://dysses.com","0","{""emails"": [""info@example.com"", ""info@example.com""], ""socials"": []}","false","false","false","Heuristic score: 1.50"
"2025-12-09","atletico.footybite.is","AdCash","http://dysses.com","0","{""emails"": [], ""socials"": [""https://www.instagram.com/footybite_official""]}","false","false","false","Heuristic score: 0.00"
"2025-12-09","atoz-toons2.blogspot.com","AdCash","http://dysses.com","0","{""emails"": [], ""socials"": []}","false","false","false","Heuristic score: 1.70"
"2025-12-09","atozanimationtoon.blogspot.com","AdCash","http://dysses.com","0","{""emails"": [], ""socials"": [""https://www.youtube.com/embed""]}","false","false","true","Heuristic score: 3.20"
"2025-12-09","attack-on-titan-brave-order.en.uptodown.com","AdCash","http://dysses.com","0","{""emails"": [], ""socials"": [""https://www.youtube.com/uptodown"", ""https://instagram.com/uptodown"", ""https://www.linkedin.com/company"", ""https://www.facebook.com/Uptodown.International"", ""https://www.youtube.com/watch"", ""https://www.facebook.com/Uptodown"", ""https://www.facebook.com/Uptodown.International"", ""https://twitter.com/Uptodown"", ""https://www.youtube.com/user"", ""https://www.linkedin.com/company"", ""https://instagram.com/uptodown""]}","false","false","false","Heuristic score: 0.20"
"2025-12-09","attack-on-titan-the-game.en.softonic.com","AdCash","http://dysses.com","0","{""emails"": [], ""socials"": [""https://www.facebook.com/sharer"", ""https://www.facebook.com/softonic.en"", ""https://www.instagram.com/Softonic"", ""https://www.linkedin.com/company""]}","false","false","true","Heuristic score: 2.90"
"2025-12-09","auamstrad.es","AdCash","http://dysses.com","0","{""emails"": [], ""socials"": [""youtube.com/embed"", ""https://www.facebook.com/AUAmstrad"", ""https://twitter.com/auamstrad"", ""youtube.com/embed"", ""https://www.facebook.com/AUAmstrad"", ""https://twitter.com/auamstrad"", ""https://www.youtube.com/auamstrad"", ""https://instagram.com/auamstrad"", ""https://www.instagram.com/auamstrad"", ""https://www.instagram.com/auamstrad"", ""http://www.facebook.com/AUAmstrad"", ""https://www.facebook.com/AUAmstrad"", ""https://www.facebook.com/AUAmstrad"", ""https://twitter.com/auamstrad"", ""https://www.youtube.com/auamstrad"", ""https://instagram.com/auamstrad"", ""https://www.facebook.com/AUAmstrad"", ""https://twitter.com/auamstrad"", ""https://www.youtube.com/auamstrad"", ""https://instagram.com/auamstrad""]}","false","false","false","Heuristic score: 0.50"
"2025-12-09","audin213.com","AdCash","http://dysses.com","0","{""emails"": [], ""socials"": []}","false","false","false","Heuristic score: 0.00"
"2025-12-09","audio-editor-music-editor.softonic.com","AdCash","http://dysses.com","0","{""emails"": [""f0e540abd02c401a8af5ab8ce8e3eaf1@o4508370636111872.ingest.de.sentry.io""], ""socials"": [""https://www.facebook.com/sharer"", ""https://www.facebook.com/Softonic"", ""https://www.instagram.com/Softonic"", ""https://www.linkedin.com/company""]}","false","false","true","Heuristic score: 2.90"
"2025-12-09","aurelia.id.modcombo.com","AdCash","http://dysses.com","0","{}","true","false","false","Blocked"
"2025-12-09","aurelia.modcombo.com","AdCash","http://dysses.com","0","{}","true","false","false","Blocked"
"2025-12-09","avariata-files.fandom.com","AdCash","http://dysses.com","0","{""emails"": [], ""socials"": [""http://www.facebook.com/2008"", ""https://www.youtube.com/user"", ""https://www.facebook.com/getfandom"", ""https://twitter.com/getfandom"", ""https://www.youtube.com/fandomentertainment"", ""https://www.instagram.com/getfandom"", ""https://www.linkedin.com/company""]}","false","false","true","Heuristic score: 2.90"
"2025-12-09","avvy-vtuberanime-avatar.en.softonic.com","AdCash","http://dysses.com","0","{""emails"": [], ""socials"": [""https://www.facebook.com/sharer"", ""https://www.facebook.com/softonic.en"", ""https://www.instagram.com/Softonic"", ""https://www.linkedin.com/company""]}","false","false","true","Heuristic score: 2.90"
"2025-12-09","avvy.en.aptoide.com","AdCash","http://dysses.com","0","{""emails"": [""support@avvy.live""], ""socials"": [""https://www.facebook.com/aptoide"", ""https://twitter.com/Aptoide"", ""https://www.instagram.com/aptoideappstore"", ""https://www.youtube.com/user"", ""https://www.instagram.com/avvy.live"", ""https://www.instagram.com/avvy.live"", ""https://www.facebook.com/aptoide"", ""https://twitter.com/aptoide"", ""https://www.instagram.com/aptoidestore"", ""https://www.youtube.com/user"", ""https://www.linkedin.com/company"", ""https://www.instagram.com/avvy.live""]}","false","false","false","Heuristic score: 1.70"
"2025-12-09","axfc.net","AdCash","http://dysses.com","0","{""emails"": [], ""socials"": []}","false","false","false","Heuristic score: 0.00"
"2025-12-09","azsiasorozatok.hu","AdCash","http://dysses.com","0","{""emails"": [], ""socials"": []}","false","false","false","Heuristic score: 0.00"
"2025-12-09","azurecoffin.itch.io","AdCash","http://dysses.com","0","{""emails"": [], ""socials"": [""https://twitter.com/azurec0ffin""]}","false","false","false","Heuristic score: 0.30"
"2025-12-09","backbone.com","AdCash","http://dysses.com","0","{""emails"": [""support@playbackbone.com"", ""Support@playbackbone.com""], ""socials"": [""https://www.facebook.com/Playbackbone"", ""https://www.twitter.com/backbone"", ""https://www.instagram.com/backbone"", ""https://www.youtube.com/PlayBackbone"", ""https://www.linkedin.com/company"", ""https://www.youtube.com/embed"", ""https://www.facebook.com/Backbone"", ""https://www.instagram.com/backbone"", ""https://www.youtube.com/PlayBackbone""]}","false","false","false","Heuristic score: 0.20"
"2025-12-09","backyard-baseball-97.en.softonic.com","AdCash","http://dysses.com","0","{""emails"": [], ""socials"": [""https://www.facebook.com/sharer"", ""https://www.facebook.com/softonic.en"", ""https://www.instagram.com/Softonic"", ""https://www.linkedin.com/company""]}","false","false","true","Heuristic score: 2.90"
"2025-12-09","backyard-baseball-97.softonic.com","AdCash","http://dysses.com","0","{""emails"": [""f0e540abd02c401a8af5ab8ce8e3eaf1@o4508370636111872.ingest.de.sentry.io""], ""socials"": [""https://www.facebook.com/sharer"", ""https://www.facebook.com/Softonic"", ""https://www.instagram.com/Softonic"", ""https://www.linkedin.com/company""]}","false","false","true","Heuristic score: 2.90"
"2025-12-09","bakery-cafe-simulator-prologue.en.softonic.com","AdCash","http://dysses.com","0","{""emails"": [], ""socials"": [""https://www.facebook.com/sharer"", ""https://www.facebook.com/softonic.en"", ""https://www.instagram.com/Softonic"", ""https://www.linkedin.com/company""]}","false","false","true","Heuristic score: 2.90"
"2025-12-09","bakugan-fan-hub.en.softonic.com","AdCash","http://dysses.com","0","{""emails"": [], ""socials"": [""https://www.facebook.com/sharer"", ""https://www.facebook.com/softonic.en"", ""https://www.instagram.com/Softonic"", ""https://www.linkedin.com/company""]}","false","false","true","Heuristic score: 2.90"
"2025-12-09","baldis-basics-in-education-and-learning.tr.uptodown.com","AdCash","http://dysses.com","0","{""emails"": [], ""socials"": [""https://www.youtube.com/uptodown"", ""https://instagram.com/uptodown"", ""https://www.linkedin.com/company"", ""https://www.facebook.com/Uptodown.International"", ""https://www.facebook.com/Uptodown"", ""https://www.facebook.com/Uptodown.International"", ""https://twitter.com/Uptodown"", ""https://www.youtube.com/user"", ""https://www.linkedin.com/company"", ""https://instagram.com/uptodown""]}","false","false","false","Heuristic score: 0.20"
"2025-12-09","balondeportes.com","AdCash","http://dysses.com","0","{""emails"": [], ""socials"": []}","false","false","false","Heuristic score: 0.20"
"2025-12-09","bangla-all-live-tv.en.aptoide.com","AdCash","http://dysses.com","0","{}","false","true","false","Existing Client"
"2025-12-09","banksudloh.blogspot.com","AdCash","http://dysses.com","0","{}","false","true","false","Existing Client"
"2025-12-09","bannerlord-online.en.softonic.com","AdCash","http://dysses.com","0","{}","false","true","false","Existing Client"
"2025-12-09","barcelona.footybite.is","AdCash","http://dysses.com","0","{}","false","true","false","Existing Client"
"2025-12-09","barcelona.totalsportek.army","AdCash","http://dysses.com","0","{}","false","true","false","Existing Client"
"2025-12-09","bartekgm.fandom.com","AdCash","http://dysses.com","0","{}","false","true","false","Existing Client"
"2025-12-09","bastergames.com","AdCash","http://dysses.com","0","{}","false","true","false","Existing Client"
"2025-12-09","bastion.en.download.it","AdCash","http://dysses.com","0","{}","false","true","false","Existing Client"
"2025-12-09","battle-city-neo-mobile-games.fr.aptoide.com","AdCash","http://dysses.com","0","{}","false","true","false","Existing Client"
"2025-12-09","battlecats.io","AdCash","http://dysses.com","0","{}","false","true","false","Existing Client"
"2025-12-09","animetv-appili.ru.uptodown.com","Adsterra","http://www.rashcolonizeexpand.com","0","{""emails"": [], ""socials"": [""https://www.youtube.com/uptodown"", ""https://instagram.com/uptodown"", ""https://www.linkedin.com/company"", ""https://www.facebook.com/Uptodown.International"", ""https://www.facebook.com/Uptodown"", ""https://www.facebook.com/Uptodown.International"", ""https://twitter.com/Uptodown"", ""https://www.youtube.com/user"", ""https://www.linkedin.com/company"", ""https://instagram.com/uptodown""]}","false","false","false","Heuristic score: 0.20"
"2025-12-09","animewatch.com.im","Adsterra","http://www.rashcolonizeexpand.com","0","{""emails"": [], ""socials"": []}","false","false","false","Heuristic score: 1.50"
"2025-12-09","animixplay.st","Adsterra","http://www.rashcolonizeexpand.com","0","{""emails"": [], ""socials"": [""https://twitter.com/Animixplay_""]}","false","false","false","Heuristic score: 0.00"
"2025-12-09","animo-fanz-anime-library-1e8.en.softonic.com","Adsterra","http://www.rashcolonizeexpand.com","0","{""emails"": [], ""socials"": [""https://www.facebook.com/sharer"", ""https://www.facebook.com/softonic.en"", ""https://www.instagram.com/Softonic"", ""https://www.linkedin.com/company""]}","false","false","true","Heuristic score: 2.90"
"2025-12-09","aniplayer-watch-ani-tv.apk.cafe","Adsterra","http://www.rashcolonizeexpand.com","0","{""emails"": [""ondata.mdep@gmail.com"", ""ondata.mdep@gmail.com""], ""socials"": [""https://twitter.com/ApkCafeSite""]}","false","false","true","Heuristic score: 3.50"
"2025-12-09","anitoonnetwork.blogspot.com","Adsterra","http://www.rashcolonizeexpand.com","0","{""emails"": [], ""socials"": [""youtube.com/embed""]}","false","false","false","Heuristic score: 1.70"
"2025-12-09","anitv.en.malavida.com","Adsterra","http://www.rashcolonizeexpand.com","0","{""emails"": [], ""socials"": [""https://www.facebook.com/sharer"", ""https://www.facebook.com/malavida""]}","false","false","true","Heuristic score: 4.40"
"2025-12-09","aniwatch-anime-tv.en.softonic.com","Adsterra","http://www.rashcolonizeexpand.com","0","{""emails"": [], ""socials"": [""https://www.facebook.com/sharer"", ""https://www.facebook.com/softonic.en"", ""https://www.instagram.com/Softonic"", ""https://www.linkedin.com/company""]}","false","false","true","Heuristic score: 2.90"
"2025-12-09","aniwatch-anime-tv.softonic.com","Adsterra","http://www.rashcolonizeexpand.com","0","{""emails"": [""f0e540abd02c401a8af5ab8ce8e3eaf1@o4508370636111872.ingest.de.sentry.io""], ""socials"": [""https://www.facebook.com/sharer"", ""https://www.facebook.com/Softonic"", ""https://www.instagram.com/Softonic"", ""https://www.linkedin.com/company""]}","false","false","true","Heuristic score: 2.90"
"2025-12-09","aniwatch.gg","Adsterra","http://www.rashcolonizeexpand.com","0","{""emails"": [], ""socials"": [""https://twitter.com/AniwatchTV"", ""https://twitter.com/AniwatchTV""]}","false","false","false","Heuristic score: 0.00"
"2025-12-09","aniwatch.re","Adsterra","http://www.rashcolonizeexpand.com","0","{""emails"": [], ""socials"": []}","false","false","false","Heuristic score: 0.00"
"2025-12-09","aniwatch.tw","Adsterra","http://www.rashcolonizeexpand.com","0","{""emails"": [], ""socials"": []}","false","false","false","Heuristic score: 0.00"
"2025-12-09","aniwatch.updatestar.com","Adsterra","http://www.rashcolonizeexpand.com","0","{}","true","false","false","Blocked"
"2025-12-09","aniwatchto.watch","Adsterra","http://www.rashcolonizeexpand.com","0","{""emails"": [], ""socials"": []}","false","false","false","Heuristic score: 0.00"
"2025-12-09","aniwave.com.de","Adsterra","http://www.rashcolonizeexpand.com","0","{""emails"": [], ""socials"": []}","false","false","false","Heuristic score: 0.00"
"2025-12-09","anix-to.com","Adsterra","http://www.rashcolonizeexpand.com","0","{""emails"": [], ""socials"": []}","false","false","false","Heuristic score: 0.00"
"2025-12-09","anoboy.com.lv","Adsterra","http://www.rashcolonizeexpand.com","0","{""emails"": [], ""socials"": []}","false","false","false","Heuristic score: 0.00"
"2025-12-09","anomize.xyz","Adsterra","http://www.rashcolonizeexpand.com","0","{}","true","false","false","Blocked"
"2025-12-09","anon.to","Adsterra","http://www.rashcolonizeexpand.com","0","{""emails"": [], ""socials"": []}","false","false","false","Heuristic score: 0.00"
"2025-12-09","anonpaste.pw","Adsterra","http://www.rashcolonizeexpand.com","0","{""emails"": [], ""socials"": []}","false","false","false","Heuristic score: 0.00"
"2025-12-09","anonymousceviri.com","Adsterra","http://www.rashcolonizeexpand.com","0","{""emails"": [""605a7baede844d278b89dc95ae0a9123@sentry-next.wixpress.com"", ""8c4075d5481d476e945486754f783364@sentry.io"", ""88170cb0c9d64f94b5821ca7fd2d55a4@sentry-next.wixpress.com"", ""88170cb0c9d64f94b5821ca7fd2d55a4@sentry-next.wixpress.com"", ""88170cb0c9d64f94b5821ca7fd2d55a4@sentry-next.wixpress.com"", ""88170cb0c9d64f94b5821ca7fd2d55a4@sentry-next.wixpress.com"", ""88170cb0c9d64f94b5821ca7fd2d55a4@sentry-next.wixpress.com"", ""1eeb89147c984dc6bc3ffafd9e6cd089@sentry.wixpress.com"", ""c098db2425c540d3982e073ae7fc4c9a@sentry.wixpress.com"", ""9a65e97ebe8141fca0c4fd686f70996b@sentry.wixpress.com"", ""ed436f5053144538958ad06a5005e99a@sentry.wixpress.com"", ""460ff4620fa44cba8df530afde949785@sentry.wixpress.com"", ""8eb368c655b84e029ed79ad7a5c1718e@sentry.wixpress.com"", ""2062d0a4929b45348643784b5cb39c36@sentry.wixpress.com"", ""2062d0a4929b45348643784b5cb39c36@sentry.wixpress.com"", ""2062d0a4929b45348643784b5cb39c36@sentry.wixpress.com"", ""2062d0a4929b45348643784b5cb39c36@sentry.wixpress.com"", ""2062d0a4929b45348643784b5cb39c36@sentry.wixpress.com"", ""2062d0a4929b45348643784b5cb39c36@sentry.wixpress.com"", ""2062d0a4929b45348643784b5cb39c36@sentry.wixpress.com"", ""2062d0a4929b45348643784b5cb39c36@sentry.wixpress.com"", ""2062d0a4929b45348643784b5cb39c36@sentry.wixpress.com"", ""2062d0a4929b45348643784b5cb39c36@sentry.wixpress.com"", ""78f7996315bc402f9dcb8a2f974b82d1@sentry.wixpress.com"", ""78f7996315bc402f9dcb8a2f974b82d1@sentry.wixpress.com"", ""8c4075d5481d476e945486754f783364@sentry.io"", ""8eb368c655b84e029ed79ad7a5c1718e@sentry.wixpress.com"", ""8eb368c655b84e029ed79ad7a5c1718e@sentry.wixpress.com"", ""8eb368c655b84e029ed79ad7a5c1718e@sentry.wixpress.com"", ""88170cb0c9d64f94b5821ca7fd2d55a4@sentry-next.wixpress.com"", ""88170cb0c9d64f94b5821ca7fd2d55a4@sentry-next.wixpress.com"", ""88170cb0c9d64f94b5821ca7fd2d55a4@sentry-next.wixpress.com"", ""88170cb0c9d64f94b5821ca7fd2d55a4@sentry-next.wixpress.com"", ""88170cb0c9d64f94b5821ca7fd2d55a4@sentry-next.wixpress.com"", ""2062d0a4929b45348643784b5cb39c36@sentry.wixpress.com"", ""2062d0a4929b45348643784b5cb39c36@sentry.wixpress.com"", ""bcea6319e2dd4b1aaecfde5bec98f9ed@sentry.wixpress.com"", ""1eeb89147c984dc6bc3ffafd9e6cd089@sentry.wixpress.com"", ""1eeb89147c984dc6bc3ffafd9e6cd089@sentry.wixpress.com"", ""c098db2425c540d3982e073ae7fc4c9a@sentry.wixpress.com"", ""c098db2425c540d3982e073ae7fc4c9a@sentry.wixpress.com"", ""c098db2425c540d3982e073ae7fc4c9a@sentry.wixpress.com"", ""78f7996315bc402f9dcb8a2f974b82d1@sentry.wixpress.com"", ""78f7996315bc402f9dcb8a2f974b82d1@sentry.wixpress.com"", ""9a65e97ebe8141fca0c4fd686f70996b@sentry.wixpress.com"", ""9a65e97ebe8141fca0c4fd686f70996b@sentry.wixpress.com"", ""9a65e97ebe8141fca0c4fd686f70996b@sentry.wixpress.com"", ""ed436f5053144538958ad06a5005e99a@sentry.wixpress.com"", ""271e9fa3230b4eec94b02bf95780f5f2@sentry.wixpress.com"", ""271e9fa3230b4eec94b02bf95780f5f2@sentry.wixpress.com"", ""460ff4620fa44cba8df530afde949785@sentry.wixpress.com"", ""460ff4620fa44cba8df530afde949785@sentry.wixpress.com"", ""460ff4620fa44cba8df530afde949785@sentry.wixpress.com"", ""8c4075d5481d476e945486754f783364@sentry.io"", ""88170cb0c9d64f94b5821ca7fd2d55a4@sentry-next.wixpress.com"", ""88170cb0c9d64f94b5821ca7fd2d55a4@sentry-next.wixpress.com"", ""88170cb0c9d64f94b5821ca7fd2d55a4@sentry-next.wixpress.com"", ""88170cb0c9d64f94b5821ca7fd2d55a4@sentry-next.wixpress.com"", ""88170cb0c9d64f94b5821ca7fd2d55a4@sentry-next.wixpress.com"", ""1eeb89147c984dc6bc3ffafd9e6cd089@sentry.wixpress.com"", ""1eeb89147c984dc6bc3ffafd9e6cd089@sentry.wixpress.com"", ""c098db2425c540d3982e073ae7fc4c9a@sentry.wixpress.com"", ""c098db2425c540d3982e073ae7fc4c9a@sentry.wixpress.com"", ""9a65e97ebe8141fca0c4fd686f70996b@sentry.wixpress.com"", ""9a65e97ebe8141fca0c4fd686f70996b@sentry.wixpress.com"", ""271e9fa3230b4eec94b02bf95780f5f2@sentry.wixpress.com"", ""ed436f5053144538958ad06a5005e99a@sentry.wixpress.com"", ""460ff4620fa44cba8df530afde949785@sentry.wixpress.com"", ""460ff4620fa44cba8df530afde949785@sentry.wixpress.com"", ""8eb368c655b84e029ed79ad7a5c1718e@sentry.wixpress.com"", ""8eb368c655b84e029ed79ad7a5c1718e@sentry.wixpress.com"", ""8eb368c655b84e029ed79ad7a5c1718e@sentry.wixpress.com"", ""8eb368c655b84e029ed79ad7a5c1718e@sentry.wixpress.com"", ""2062d0a4929b45348643784b5cb39c36@sentry.wixpress.com"", ""2062d0a4929b45348643784b5cb39c36@sentry.wixpress.com"", ""2062d0a4929b45348643784b5cb39c36@sentry.wixpress.com"", ""2062d0a4929b45348643784b5cb39c36@sentry.wixpress.com"", ""2062d0a4929b45348643784b5cb39c36@sentry.wixpress.com"", ""2062d0a4929b45348643784b5cb39c36@sentry.wixpress.com"", ""2062d0a4929b45348643784b5cb39c36@sentry.wixpress.com"", ""2062d0a4929b45348643784b5cb39c36@sentry.wixpress.com"", ""2062d0a4929b45348643784b5cb39c36@sentry.wixpress.com"", ""2062d0a4929b45348643784b5cb39c36@sentry.wixpress.com"", ""2062d0a4929b45348643784b5cb39c36@sentry.wixpress.com"", ""2062d0a4929b45348643784b5cb39c36@sentry.wixpress.com"", ""2062d0a4929b45348643784b5cb39c36@sentry.wixpress.com"", ""2062d0a4929b45348643784b5cb39c36@sentry.wixpress.com"", ""2062d0a4929b45348643784b5cb39c36@sentry.wixpress.com"", ""2062d0a4929b45348643784b5cb39c36@sentry.wixpress.com"", ""2062d0a4929b45348643784b5cb39c36@sentry.wixpress.com"", ""2062d0a4929b45348643784b5cb39c36@sentry.wixpress.com"", ""2062d0a4929b45348643784b5cb39c36@sentry.wixpress.com"", ""2062d0a4929b45348643784b5cb39c36@sentry.wixpress.com"", ""2062d0a4929b45348643784b5cb39c36@sentry.wixpress.com"", ""2062d0a4929b45348643784b5cb39c36@sentry.wixpress.com"", ""2062d0a4929b45348643784b5cb39c36@sentry.wixpress.com"", ""2062d0a4929b45348643784b5cb39c36@sentry.wixpress.com"", ""2062d0a4929b45348643784b5cb39c36@sentry.wixpress.com"", ""2062d0a4929b45348643784b5cb39c36@sentry.wixpress.com"", ""2062d0a4929b45348643784b5cb39c36@sentry.wixpress.com"", ""2062d0a4929b45348643784b5cb39c36@sentry.wixpress.com"", ""2062d0a4929b45348643784b5cb39c36@sentry.wixpress.com"", ""2062d0a4929b45348643784b5cb39c36@sentry.wixpress.com"", ""2062d0a4929b45348643784b5cb39c36@sentry.wixpress.com"", ""2062d0a4929b45348643784b5cb39c36@sentry.wixpress.com"", ""2062d0a4929b45348643784b5cb39c36@sentry.wixpress.com"", ""2062d0a4929b45348643784b5cb39c36@sentry.wixpress.com"", ""2062d0a4929b45348643784b5cb39c36@sentry.wixpress.com"", ""2062d0a4929b45348643784b5cb39c36@sentry.wixpress.com"", ""2062d0a4929b45348643784b5cb39c36@sentry.wixpress.com"", ""2062d0a4929b45348643784b5cb39c36@sentry.wixpress.com"", ""2062d0a4929b45348643784b5cb39c36@sentry.wixpress.com"", ""2062d0a4929b45348643784b5cb39c36@sentry.wixpress.com"", ""2062d0a4929b45348643784b5cb39c36@sentry.wixpress.com"", ""2062d0a4929b45348643784b5cb39c36@sentry.wixpress.com"", ""78f7996315bc402f9dcb8a2f974b82d1@sentry.wixpress.com"", ""78f7996315bc402f9dcb8a2f974b82d1@sentry.wixpress.com"", ""78f7996315bc402f9dcb8a2f974b82d1@sentry.wixpress.com"", ""78f7996315bc402f9dcb8a2f974b82d1@sentry.wixpress.com"", ""78f7996315bc402f9dcb8a2f974b82d1@sentry.wixpress.com"", ""78f7996315bc402f9dcb8a2f974b82d1@sentry.wixpress.com"", ""78f7996315bc402f9dcb8a2f974b82d1@sentry.wixpress.com"", ""78f7996315bc402f9dcb8a2f974b82d1@sentry.wixpress.com"", ""78f7996315bc402f9dcb8a2f974b82d1@sentry.wixpress.com"", ""78f7996315bc402f9dcb8a2f974b82d1@sentry.wixpress.com""], ""socials"": []}","false","false","false","Heuristic score: 1.70"
"2025-12-09","anonymto.com","Adsterra","http://www.rashcolonizeexpand.com","0","{""emails"": [], ""socials"": []}","false","false","false","Heuristic score: 0.00"
"2025-12-09","anonymz.com","Adsterra","http://www.rashcolonizeexpand.com","0","{""emails"": [], ""socials"": []}","false","false","false","Heuristic score: 0.00"
"2025-12-09","apex-designs.net","Adsterra","http://www.rashcolonizeexpand.com","0","{""emails"": [], ""socials"": []}","false","false","false","Heuristic score: 0.00"
"2025-12-09","apex-launcher.ar.uptodown.com","Adsterra","http://www.rashcolonizeexpand.com","0","{""emails"": [], ""socials"": [""https://www.youtube.com/uptodown"", ""https://instagram.com/uptodown"", ""https://www.linkedin.com/company"", ""https://www.facebook.com/Uptodown.International"", ""https://www.facebook.com/Uptodown"", ""https://www.facebook.com/Uptodown.International"", ""https://twitter.com/Uptodown"", ""https://www.youtube.com/user"", ""https://www.linkedin.com/company"", ""https://instagram.com/uptodown""]}","false","false","false","Heuristic score: 0.20"
"2025-12-09","apforum.info","Adsterra","http://www.rashcolonizeexpand.com","0","{}","false","true","false","Existing Client"
"2025-12-09","api.raftmodding.com","Adsterra","http://www.rashcolonizeexpand.com","0","{}","false","true","false","Existing Client"
"2025-12-09","apk-editor-pro.softonic.com","Adsterra","http://www.rashcolonizeexpand.com","0","{}","false","true","false","Existing Client"
"2025-12-09","apk-editor-pro.tr.uptodown.com","Adsterra","http://www.rashcolonizeexpand.com","0","{}","false","true","false","Existing Client"
"2025-12-09","apk-editor.kr.aptoide.com","Adsterra","http://www.rashcolonizeexpand.com","0","{}","false","true","false","Existing Client"
"2025-12-09","apk-editor.kr.uptodown.com","Adsterra","http://www.rashcolonizeexpand.com","0","{}","false","true","false","Existing Client"
"2025-12-09","apk-fire.com","Adsterra","http://www.rashcolonizeexpand.com","0","{}","false","true","false","Existing Client"
"2025-12-09","apk-top.com","Adsterra","http://www.rashcolonizeexpand.com","0","{}","false","true","false","Existing Client"
"2025-12-09","apk2.en.uptodown.com","Adsterra","http://www.rashcolonizeexpand.com","0","{}","false","true","false","Existing Client"
"2025-12-09","apk2x.com","Adsterra","http://www.rashcolonizeexpand.com","0","{}","false","true","false","Existing Client"
"2025-12-09","appdrive.fit","Adsterra","www.skinnycrawlinglax.com","0","{}","true","false","false","Blocked"
"2025-12-09","appdrive.life","Adsterra","www.skinnycrawlinglax.com","0","{""emails"": [], ""socials"": []}","false","false","false","Heuristic score: 0.00"
"2025-12-09","apple-arcade.en.softonic.com","Adsterra","www.skinnycrawlinglax.com","0","{""emails"": [], ""socials"": [""https://www.facebook.com/sharer"", ""https://www.facebook.com/softonic.en"", ""https://www.instagram.com/Softonic"", ""https://www.linkedin.com/company""]}","false","false","true","Heuristic score: 2.90"
"2025-12-09","apps-for-chromecast.apk.dog","Adsterra","www.skinnycrawlinglax.com","0","{""emails"": [""chromecast@i-artserveis.net"", ""toprocketapps@gmail.com"", ""toprocketapps@gmail.com""], ""socials"": [""https://www.youtube.com/watch"", ""https://www.youtube.com/watch""]}","false","false","true","Heuristic score: 3.50"
"2025-12-09","aps3e.org","Adsterra","www.skinnycrawlinglax.com","0","{""emails"": [], ""socials"": []}","false","false","false","Heuristic score: 1.70"
"2025-12-09","aptoide-tv.es.aptoide.com","Adsterra","www.skinnycrawlinglax.com","0","{""emails"": [], ""socials"": [""https://www.facebook.com/aptoide"", ""https://twitter.com/Aptoide"", ""https://www.instagram.com/aptoideappstore"", ""https://www.youtube.com/user"", ""https://www.facebook.com/aptoide"", ""https://twitter.com/aptoide"", ""https://www.instagram.com/aptoidestore"", ""https://www.youtube.com/user"", ""https://www.linkedin.com/company""]}","false","false","false","Heuristic score: 1.70"
"2025-12-09","aptoide-tv.vn.aptoide.com","Adsterra","www.skinnycrawlinglax.com","0","{""emails"": [], ""socials"": [""https://www.facebook.com/aptoide"", ""https://twitter.com/Aptoide"", ""https://www.instagram.com/aptoideappstore"", ""https://www.youtube.com/user"", ""https://www.facebook.com/aptoide"", ""https://twitter.com/aptoide"", ""https://www.instagram.com/aptoidestore"", ""https://www.youtube.com/user"", ""https://www.linkedin.com/company""]}","false","false","false","Heuristic score: 1.70"
"2025-12-09","aptoide.app","Adsterra","www.skinnycrawlinglax.com","0","{""emails"": [""primotechpro@gmail.com""], ""socials"": []}","false","false","false","Heuristic score: 0.20"
"2025-12-09","archero-2.coimobile.io","Adsterra","www.skinnycrawlinglax.com","0","{""emails"": [""support@coimobile.io""], ""socials"": [""https://www.facebook.com/hapmod"", ""https://www.youtube.com/channel"", ""https://twitter.com/HapMod"", ""https://www.youtube.com/channel"", ""https://www.facebook.com/coimobile68"", ""youtube.com/vi"", ""https://www.youtube.com/embed""]}","false","false","true","Heuristic score: 3.20"
"2025-12-09","archivenepal.s3.amazonaws.com","Adsterra","www.skinnycrawlinglax.com","0","{}","true","false","false","Blocked"
"2025-12-09","archivscan.ch","Adsterra","www.skinnycrawlinglax.com","0","{""emails"": [""info@archivscan.ch"", ""info@archivscan.ch""], ""socials"": []}","false","false","false","Heuristic score: 0.00"
"2025-12-09","archthrones.com","Adsterra","www.skinnycrawlinglax.com","0","{""emails"": [], ""socials"": []}","false","false","false","Heuristic score: 0.00"
"2025-12-09","arkad.nu","Adsterra","www.skinnycrawlinglax.com","0","{""emails"": [], ""socials"": [""https://www.youtube.com/watch"", ""https://facebook.com/arkadnu"", ""https://instagram.com/arkad.nu""]}","false","false","false","Heuristic score: 0.00"
"2025-12-09","arsenal.footybite.is","Adsterra","www.skinnycrawlinglax.com","0","{""emails"": [], ""socials"": [""https://www.instagram.com/footybite_official""]}","false","false","false","Heuristic score: 0.00"
"2025-12-09","arsenal.totalsportek.army","Adsterra","www.skinnycrawlinglax.com","0","{""emails"": [], ""socials"": []}","false","false","false","Heuristic score: 0.00"
"2025-12-09","artdestroyer99.blogspot.com","Adsterra","www.skinnycrawlinglax.com","0","{""emails"": [""contact@mail.com""], ""socials"": [""https://www.facebook.com/art.destr0yer"", ""https://twitter.com/artdestroyer1"", ""https://www.instagram.com/art_destr0yer"", ""https://www.facebook.com/art.destr0yer"", ""https://twitter.com/artdestroyer1"", ""https://www.instagram.com/art_destr0yer"", ""https://www.youtube.com/channel"", ""https://www.facebook.com/art.destr0yer"", ""youtube.com/embed""]}","false","false","false","Heuristic score: 1.70"
"2025-12-09","arthdal-chronicles.en.uptodown.com","Adsterra","www.skinnycrawlinglax.com","0","{""emails"": [], ""socials"": [""https://www.youtube.com/uptodown"", ""https://instagram.com/uptodown"", ""https://www.linkedin.com/company"", ""https://www.facebook.com/Uptodown.International"", ""https://www.youtube.com/watch"", ""https://www.facebook.com/Uptodown"", ""https://www.facebook.com/Uptodown.International"", ""https://twitter.com/Uptodown"", ""https://www.youtube.com/user"", ""https://www.linkedin.com/company"", ""https://instagram.com/uptodown""]}","false","false","false","Heuristic score: 0.20"
"2025-12-09","asem123456x.blogspot.com","Adsterra","www.skinnycrawlinglax.com","0","{""emails"": [], ""socials"": [""https://twitter.com/asem123456x"", ""https://www.youtube.com/user"", ""https://www.youtube.com/channel"", ""https://twitter.com/asem123456x"", ""https://www.facebook.com/asem123x"", ""https://www.youtube.com/channel"", ""https://twitter.com/asem123456x"", ""https://www.facebook.com/asem123x""]}","false","false","false","Heuristic score: 1.70"
"2025-12-09","askfm.en.aptoide.com","Adsterra","www.skinnycrawlinglax.com","0","{""emails"": [""app@ask.fm""], ""socials"": [""https://www.facebook.com/aptoide"", ""https://twitter.com/Aptoide"", ""https://www.instagram.com/aptoideappstore"", ""https://www.youtube.com/user"", ""https://www.facebook.com/aptoide"", ""https://twitter.com/aptoide"", ""https://www.instagram.com/aptoidestore"", ""https://www.youtube.com/user"", ""https://www.linkedin.com/company""]}","false","false","false","Heuristic score: 1.70"
"2025-12-09","askfm.it.aptoide.com","Adsterra","www.skinnycrawlinglax.com","0","{""emails"": [""partners.it@ask.fm"", ""app@ask.fm"", ""partners.it@ask.fm""], ""socials"": [""https://www.facebook.com/aptoide"", ""https://twitter.com/Aptoide"", ""https://www.instagram.com/aptoideappstore"", ""https://www.youtube.com/user"", ""https://www.instagram.com/askfm"", ""https://www.facebook.com/askfmpage"", ""https://twitter.com/askfm"", ""https://www.instagram.com/askfm"", ""https://www.facebook.com/askfmpage"", ""https://twitter.com/askfm"", ""https://www.facebook.com/aptoide"", ""https://twitter.com/aptoide"", ""https://www.instagram.com/aptoidestore"", ""https://www.youtube.com/user"", ""https://www.linkedin.com/company"", ""https://www.instagram.com/askfm"", ""https://www.facebook.com/askfmpage"", ""https://twitter.com/askfm""]}","false","false","false","Heuristic score: 1.70"
"2025-12-09","askfm.pl.aptoide.com","Adsterra","www.skinnycrawlinglax.com","0","{""emails"": [""partners.pl@ask.fm"", ""app@ask.fm"", ""partners.pl@ask.fm""], ""socials"": [""https://www.facebook.com/aptoide"", ""https://twitter.com/Aptoide"", ""https://www.instagram.com/aptoideappstore"", ""https://www.youtube.com/user"", ""https://www.instagram.com/askfm"", ""https://www.facebook.com/askfmpage"", ""https://twitter.com/askfm"", ""https://www.instagram.com/askfm"", ""https://www.facebook.com/askfmpage"", ""https://twitter.com/askfm"", ""https://www.facebook.com/aptoide"", ""https://twitter.com/aptoide"", ""https://www.instagram.com/aptoidestore"", ""https://www.youtube.com/user"", ""https://www.linkedin.com/company"", ""https://www.instagram.com/askfm"", ""https://www.facebook.com/askfmpage"", ""https://twitter.com/askfm""]}","false","false","false","Heuristic score: 1.70"
"2025-12-09","askingmod.in","Adsterra","www.skinnycrawlinglax.com","0","{""emails"": [], ""socials"": [""https://www.instagram.com/asking_earn89"", ""https://facebook.com/askingmods"", ""https://twitter.com/askingmods"", ""https://www.instagram.com/asking_earn89""]}","false","false","false","Heuristic score: 0.00"
"2025-12-09","asmrfreeplayer.fun","Adsterra","www.skinnycrawlinglax.com","0","{""emails"": [], ""socials"": []}","false","false","false","Heuristic score: 0.20"
"2025-12-09","asphalt-9.modcombo.com","Adsterra","www.skinnycrawlinglax.com","0","{}","true","false","false","Blocked"
"2025-12-09","asrformula.com","Adsterra","www.skinnycrawlinglax.com","0","{}","true","false","false","Blocked"
"2025-12-09","assassin-s-creed-iv-black-flag.softonic.ru","Adsterra","www.skinnycrawlinglax.com","0","{}","false","true","false","Existing Client"
"2025-12-09","assassins-creed-liberation-remastered.softonic.com.tr","Adsterra","www.skinnycrawlinglax.com","0","{}","false","true","false","Existing Client"
"2025-12-09","assassins-creed-origins.en.softonic.com","Adsterra","www.skinnycrawlinglax.com","0","{}","false","true","false","Existing Client"
"2025-12-09","assassins-creed-the-ezio-collection.softonic.ru","Adsterra","www.skinnycrawlinglax.com","0","{}","false","true","false","Existing Client"
"2025-12-09","assassins-creed-unity-gold-edition-multi.software.informer.com","Adsterra","www.skinnycrawlinglax.com","0","{}","false","true","false","Existing Client"
"2025-12-09","assetopia.ru","Adsterra","www.skinnycrawlinglax.com","0","{}","false","true","false","Existing Client"
"2025-12-09","assettoworld.com.atlaq.com","Adsterra","www.skinnycrawlinglax.com","0","{}","false","true","false","Existing Client"
"2025-12-09","astute-beta-server.id.xyzapk.com","Adsterra","www.skinnycrawlinglax.com","0","{}","false","true","false","Existing Client"
"2025-12-09","astute-beta-server.xyzapk.com","Adsterra","www.skinnycrawlinglax.com","0","{}","false","true","false","Existing Client"
"2025-12-09","astutebetaserver.com","Adsterra","www.skinnycrawlinglax.com","0","{}","false","true","false","Existing Client"
"2025-12-09","battlefield-2.th.uptodown.com","AdCash","https://www.buzzonclick.com/","0","{""emails"": [], ""socials"": [""https://www.youtube.com/uptodown"", ""https://instagram.com/uptodown"", ""https://www.linkedin.com/company"", ""https://www.facebook.com/Uptodown.International"", ""https://www.facebook.com/Uptodown"", ""https://www.facebook.com/Uptodown.International"", ""https://twitter.com/Uptodown"", ""https://www.youtube.com/user"", ""https://www.linkedin.com/company"", ""https://instagram.com/uptodown""]}","false","false","false","Heuristic score: 0.20"
"2025-12-09","battlefield-company.de","AdCash","https://www.buzzonclick.com/","0","{""emails"": [], ""socials"": [""https://www.youtube.com/embed"", ""https://www.youtube.com/embed""]}","false","false","false","Heuristic score: 0.50"
"2025-12-09","battlefield-electronic-arts.br.aptoide.com","AdCash","https://www.buzzonclick.com/","0","{""emails"": [""help@eamobile.com""], ""socials"": [""https://www.facebook.com/aptoide"", ""https://twitter.com/Aptoide"", ""https://www.instagram.com/aptoideappstore"", ""https://www.youtube.com/user"", ""https://www.facebook.com/aptoide"", ""https://twitter.com/aptoide"", ""https://www.instagram.com/aptoidestore"", ""https://www.youtube.com/user"", ""https://www.linkedin.com/company""]}","false","false","false","Heuristic score: 1.70"
"2025-12-09","battlefield-mobile.br.uptodown.com","AdCash","https://www.buzzonclick.com/","0","{""emails"": [], ""socials"": [""https://www.youtube.com/uptodown"", ""https://instagram.com/uptodown"", ""https://www.linkedin.com/company"", ""https://www.facebook.com/Uptodown.International"", ""https://www.youtube.com/watch"", ""https://www.youtube.com/watch"", ""https://www.facebook.com/Uptodown"", ""https://www.facebook.com/Uptodown.International"", ""https://twitter.com/Uptodown"", ""https://www.youtube.com/user"", ""https://www.linkedin.com/company"", ""https://instagram.com/uptodown""]}","false","false","false","Heuristic score: 0.20"
"2025-12-09","battlefield-mobile.en.uptodown.com","AdCash","https://www.buzzonclick.com/","0","{""emails"": [], ""socials"": [""https://www.youtube.com/uptodown"", ""https://instagram.com/uptodown"", ""https://www.linkedin.com/company"", ""https://www.facebook.com/Uptodown.International"", ""https://www.youtube.com/watch"", ""https://www.youtube.com/watch"", ""https://www.facebook.com/Uptodown"", ""https://www.facebook.com/Uptodown.International"", ""https://twitter.com/Uptodown"", ""https://www.youtube.com/user"", ""https://www.linkedin.com/company"", ""https://instagram.com/uptodown""]}","false","false","false","Heuristic score: 0.20"
"2025-12-09","battlefield-mobile.th.uptodown.com","AdCash","https://www.buzzonclick.com/","0","{""emails"": [], ""socials"": [""https://www.youtube.com/uptodown"", ""https://instagram.com/uptodown"", ""https://www.linkedin.com/company"", ""https://www.facebook.com/Uptodown.International"", ""https://www.youtube.com/watch"", ""https://www.youtube.com/watch"", ""https://www.facebook.com/Uptodown"", ""https://www.facebook.com/Uptodown.International"", ""https://twitter.com/Uptodown"", ""https://www.youtube.com/user"", ""https://www.linkedin.com/company"", ""https://instagram.com/uptodown""]}","false","false","false","Heuristic score: 0.20"
"2025-12-09","battlefield2142.co","AdCash","https://www.buzzonclick.com/","0","{""emails"": [], ""socials"": [""https://www.youtube.com/embed"", ""https://www.youtube.com/embed""]}","false","false","false","Heuristic score: 0.20"
"2025-12-09","battlefield6trainer.com","AdCash","https://www.buzzonclick.com/","0","{""emails"": [], ""socials"": []}","false","false","false","Heuristic score: 0.00"
"2025-12-09","battlelog.co","AdCash","https://www.buzzonclick.com/","0","{}","true","false","false","Blocked"
"2025-12-09","bbc-iplayer.en.aptoide.com","AdCash","https://www.buzzonclick.com/","0","{""emails"": [""iplayer@mediaapptech.com""], ""socials"": [""https://www.facebook.com/aptoide"", ""https://twitter.com/Aptoide"", ""https://www.instagram.com/aptoideappstore"", ""https://www.youtube.com/user"", ""https://www.facebook.com/aptoide"", ""https://twitter.com/aptoide"", ""https://www.instagram.com/aptoidestore"", ""https://www.youtube.com/user"", ""https://www.linkedin.com/company""]}","false","false","false","Heuristic score: 1.70"
"2025-12-09","beach-head-2002.de.uptodown.com","AdCash","https://www.buzzonclick.com/","0","{""emails"": [], ""socials"": [""https://www.youtube.com/uptodown"", ""https://instagram.com/uptodown"", ""https://www.linkedin.com/company"", ""https://www.facebook.com/Uptodown.International"", ""https://www.facebook.com/Uptodown"", ""https://www.facebook.com/Uptodown.International"", ""https://twitter.com/Uptodown"", ""https://www.youtube.com/user"", ""https://www.linkedin.com/company"", ""https://instagram.com/uptodown""]}","false","false","false","Heuristic score: 0.20"
"2025-12-09","beach-soccer-league.br.uptodown.com","AdCash","https://www.buzzonclick.com/","0","{""emails"": [], ""socials"": [""https://www.youtube.com/uptodown"", ""https://instagram.com/uptodown"", ""https://www.linkedin.com/company"", ""https://www.facebook.com/Uptodown.International"", ""https://www.facebook.com/Uptodown"", ""https://www.facebook.com/Uptodown.International"", ""https://twitter.com/Uptodown"", ""https://www.youtube.com/user"", ""https://www.linkedin.com/company"", ""https://instagram.com/uptodown""]}","false","false","false","Heuristic score: 0.20"
"2025-12-09","beamng-drive.softonic.com.tr","AdCash","https://www.buzzonclick.com/","0","{""emails"": [], ""socials"": [""https://www.facebook.com/sharer"", ""https://www.facebook.com/softonic.en"", ""https://www.instagram.com/Softonic"", ""https://www.linkedin.com/company""]}","false","false","true","Heuristic score: 2.90"
"2025-12-09","beamng.wesupply.cx","AdCash","https://www.buzzonclick.com/","0","{""emails"": [], ""socials"": []}","false","false","false","Heuristic score: 0.00"
"2025-12-09","beatbanger.pro","AdCash","https://www.buzzonclick.com/","0","{""emails"": [], ""socials"": []}","false","false","false","Heuristic score: 0.20"
"2025-12-09","bed-wars-lite.updatestar.com","AdCash","https://www.buzzonclick.com/","0","{}","true","false","false","Blocked"
"2025-12-09","bedava-canli-mac-izle-manas.tr.aptoide.com","AdCash","https://www.buzzonclick.com/","0","{""emails"": [""support@manastv.tech""], ""socials"": [""https://www.facebook.com/aptoide"", ""https://twitter.com/Aptoide"", ""https://www.instagram.com/aptoideappstore"", ""https://www.youtube.com/user"", ""https://www.facebook.com/aptoide"", ""https://twitter.com/aptoide"", ""https://www.instagram.com/aptoidestore"", ""https://www.youtube.com/user"", ""https://www.linkedin.com/company""]}","false","false","false","Heuristic score: 1.70"
"2025-12-09","beedown.en.uptodown.com","AdCash","https://www.buzzonclick.com/","0","{""emails"": [], ""socials"": [""https://www.youtube.com/uptodown"", ""https://instagram.com/uptodown"", ""https://www.linkedin.com/company"", ""https://www.facebook.com/Uptodown.International"", ""https://www.facebook.com/Uptodown"", ""https://www.facebook.com/Uptodown.International"", ""https://twitter.com/Uptodown"", ""https://www.youtube.com/user"", ""https://www.linkedin.com/company"", ""https://instagram.com/uptodown""]}","false","false","false","Heuristic score: 0.20"
"2025-12-09","beetvapp.org","AdCash","https://www.buzzonclick.com/","0","{""emails"": [], ""socials"": []}","false","false","false","Heuristic score: 0.00"
"2025-12-09","bembed.net","AdCash","https://www.buzzonclick.com/","0","{""emails"": [], ""socials"": []}","false","false","false","Heuristic score: 0.00"
"2025-12-09","ben-and-ed.softonic.com.tr","AdCash","https://www.buzzonclick.com/","0","{""emails"": [], ""socials"": [""https://www.facebook.com/sharer"", ""https://www.facebook.com/softonic.en"", ""https://www.instagram.com/Softonic"", ""https://www.linkedin.com/company""]}","false","false","true","Heuristic score: 2.90"
"2025-12-09","besiege.softonic.com.tr","AdCash","https://www.buzzonclick.com/","0","{""emails"": [], ""socials"": [""https://www.facebook.com/sharer"", ""https://www.facebook.com/softonic.en"", ""https://www.instagram.com/Softonic"", ""https://www.linkedin.com/company""]}","false","false","true","Heuristic score: 2.90"
"2025-12-09","bestdebrid.com","AdCash","https://www.buzzonclick.com/","0","{""emails"": [""denzelwashington@left4code.com""], ""socials"": [""https://www.facebook.com/bestdebrid"", ""https://www.facebook.com/bestdebrid"", ""https://www.instagram.com/bestdebrid"", ""https://twitter.com/bestdebrid"", ""https://twitter.com/hashtag"", ""https://twitter.com/hashtag"", ""https://twitter.com/hashtag"", ""https://twitter.com/bestdebrid"", ""https://twitter.com/bestdebrid"", ""https://twitter.com/hashtag"", ""https://twitter.com/hashtag"", ""https://twitter.com/bestdebrid"", ""https://twitter.com/hashtag"", ""https://twitter.com/hashtag"", ""https://twitter.com/hashtag"", ""https://twitter.com/hashtag"", ""https://twitter.com/hashtag"", ""https://twitter.com/bestdebrid"", ""https://www.facebook.com/v2.10"", ""https://www.facebook.com/v2.10""]}","false","false","false","Heuristic score: 0.00"
"2025-12-09","beta.legiontd2.com","AdCash","https://www.buzzonclick.com/","0","{""emails"": [], ""socials"": [""https://www.youtube.com/watch"", ""https://twitter.com/legiontd2""]}","false","false","false","Heuristic score: 0.20"
"2025-12-09","better-xcloud.github.io","AdCash","https://www.buzzonclick.com/","0","{""emails"": [], ""socials"": []}","false","false","false","Heuristic score: 0.00"
"2025-12-09","bho.pl","AdCash","https://www.buzzonclick.com/","0","{}","false","true","false","Existing Client"
"2025-12-09","bigfishgames.com","AdCash","https://www.buzzonclick.com/","0","{}","false","true","false","Existing Client"
"2025-12-09","bigo-live.ar.uptodown.com","AdCash","https://www.buzzonclick.com/","0","{}","false","true","false","Existing Client"
"2025-12-09","bilamys.com","AdCash","https://www.buzzonclick.com/","0","{}","false","true","false","Existing Client"
"2025-12-09","bioshock.ru.malavida.com","AdCash","https://www.buzzonclick.com/","0","{}","false","true","false","Existing Client"
"2025-12-09","birzzle.en.uptodown.com","AdCash","https://www.buzzonclick.com/","0","{}","false","true","false","Existing Client"
"2025-12-09","bittv.id.modcombo.com","AdCash","https://www.buzzonclick.com/","0","{}","false","true","false","Existing Client"
"2025-12-09","bittv.ltd","AdCash","https://www.buzzonclick.com/","0","{}","false","true","false","Existing Client"
"2025-12-09","bittv.org","AdCash","https://www.buzzonclick.com/","0","{}","false","true","false","Existing Client"
"2025-12-09","black-tv-pro.apk.cafe","AdCash","https://www.buzzonclick.com/","0","{}","false","true","false","Existing Client"
"2025-12-09","apk2x.net","Adsterra","https://profitableratecpm.com/","0","{""emails"": [], ""socials"": [""https://facebook.com/apk2x"", ""https://twitter.com/apk2x""]}","false","false","false","Heuristic score: 0.50"
"2025-12-09","apk4c.com","Adsterra","https://profitableratecpm.com/","0","{""emails"": [], ""socials"": []}","false","false","false","Heuristic score: 0.20"
"2025-12-09","apkd.thegenius-pro.com","Adsterra","https://profitableratecpm.com/","0","{""emails"": [], ""socials"": [""https://www.facebook.com/younes_official8"", ""https://www.instagram.com/younes_official8"", ""https://www.instagram.com/younes_official8"", ""https://www.facebook.com/younes_official8"", ""https://www.instagram.com/younes_official8"", ""https://www.instagram.com/younes_official8""]}","false","false","false","Heuristic score: 1.70"
"2025-12-09","apkdone.net","Adsterra","https://profitableratecpm.com/","0","{""emails"": [], ""socials"": [""https://www.facebook.com/malikdilawar29""]}","false","false","false","Heuristic score: 0.30"
"2025-12-09","apkfami.com","Adsterra","https://profitableratecpm.com/","0","{""emails"": [], ""socials"": [""https://www.facebook.com/apkfamicom"", ""https://www.facebook.com/apkfamicom""]}","false","false","false","Heuristic score: 0.20"
"2025-12-09","apkguy.io","Adsterra","https://profitableratecpm.com/","0","{""emails"": [], ""socials"": []}","false","false","false","Heuristic score: 0.20"
"2025-12-09","apkinatbox.site","Adsterra","https://profitableratecpm.com/","0","{""emails"": [], ""socials"": [""https://www.facebook.com/ianhanniballake"", ""https://twitter.com/ianhlake"", ""https://www.facebook.com/ianhanniballake""]}","false","false","false","Heuristic score: 0.20"
"2025-12-09","apkjoo-apk-downloader.en.softonic.com","Adsterra","https://profitableratecpm.com/","0","{""emails"": [], ""socials"": [""https://www.facebook.com/sharer"", ""https://www.facebook.com/softonic.en"", ""https://www.instagram.com/Softonic"", ""https://www.linkedin.com/company""]}","false","false","true","Heuristic score: 2.90"
"2025-12-09","apkladda.net","Adsterra","https://profitableratecpm.com/","0","{""emails"": [], ""socials"": [""https://www.facebook.com/apkladda"", ""https://twitter.com/apkladda"", ""https://www.instagram.com/apkladda""]}","false","false","false","Heuristic score: 0.00"
"2025-12-09","apklili.com","Adsterra","https://profitableratecpm.com/","0","{""emails"": [], ""socials"": [""https://www.instagram.com/apklilicom"", ""https://www.instagram.com/apklilicom""]}","false","false","false","Heuristic score: 2.00"
"2025-12-09","apkloll.com","Adsterra","https://profitableratecpm.com/","0","{""emails"": [], ""socials"": []}","false","false","true","Heuristic score: 3.20"
"2025-12-09","apklrm.com","Adsterra","https://profitableratecpm.com/","0","{""emails"": [], ""socials"": [""https://www.facebook.com/profile.php""]}","false","false","false","Heuristic score: 0.30"
"2025-12-09","apkmezo.com","Adsterra","https://profitableratecpm.com/","0","{""emails"": [], ""socials"": []}","false","false","false","Heuristic score: 0.20"
"2025-12-09","apkmodoza.com","Adsterra","https://profitableratecpm.com/","0","{""emails"": [""support@apkmodoza.com""], ""socials"": [""https://www.facebook.com/apkmodoza"", ""https://www.instagram.com/apkmodoza"", ""https://www.facebook.com/apkmodoza"", ""https://www.instagram.com/apkmodoza"", ""youtube.com/vi"", ""https://www.youtube.com/embed""]}","false","false","false","Heuristic score: 0.20"
"2025-12-09","apkmos.com.atlaq.com","Adsterra","https://profitableratecpm.com/","0","{""emails"": [], ""socials"": [""https://www.facebook.com/GoATLAQ"", ""https://www.instagram.com/goATLAQ"", ""https://twitter.com/GetAtlaq""]}","false","false","false","Heuristic score: 1.70"
"2025-12-09","apknetwork.net","Adsterra","https://profitableratecpm.com/","0","{""emails"": [], ""socials"": [""https://instagram.com/apknetwork"", ""https://instagram.com/apknetwork""]}","false","false","false","Heuristic score: 1.70"
"2025-12-09","apkoops.com","Adsterra","https://profitableratecpm.com/","0","{""emails"": [], ""socials"": [""https://www.facebook.com/apkoops"", ""https://www.twitter.com/apkoops"", ""https://www.instagram.com/apkooops"", ""https://www.facebook.com/apkoops"", ""https://www.twitter.com/apkoops"", ""https://www.instagram.com/apkooops""]}","false","false","false","Heuristic score: 1.70"
"2025-12-09","apkrun.com.pk","Adsterra","https://profitableratecpm.com/","0","{}","true","false","false","Blocked"
"2025-12-09","apks-store.com","Adsterra","https://profitableratecpm.com/","0","{""emails"": [], ""socials"": []}","false","false","false","Heuristic score: 0.20"
"2025-12-09","apkship.top","Adsterra","https://profitableratecpm.com/","0","{}","true","false","false","Blocked"
"2025-12-09","apksoap2day.online","Adsterra","https://profitableratecpm.com/","0","{""emails"": [], ""socials"": []}","false","false","false","Heuristic score: 0.00"
"2025-12-09","apkterabox.org","Adsterra","https://profitableratecpm.com/","0","{""emails"": [], ""socials"": []}","false","false","false","Heuristic score: 0.00"
"2025-12-09","apktocalife.com","Adsterra","https://profitableratecpm.com/","0","{""emails"": [], ""socials"": [""https://www.youtube.com/watch"", ""https://www.facebook.com/profile.php"", ""https://www.instagram.com/apktocalife111""]}","false","false","false","Heuristic score: 2.00"
"2025-12-09","apktrus.com","Adsterra","https://profitableratecpm.com/","0","{""emails"": [], ""socials"": []}","false","false","false","Heuristic score: 1.70"
"2025-12-09","apkzenix.com","Adsterra","https://profitableratecpm.com/","0","{""emails"": [""support@apkzenix.com""], ""socials"": [""https://www.facebook.com/apkzenix"", ""https://www.instagram.com/apkzenix"", ""https://www.facebook.com/apkzenix""]}","false","false","false","Heuristic score: 0.00"
"2025-12-09","apkzito.com","Adsterra","https://profitableratecpm.com/","0","{}","false","true","false","Existing Client"
"2025-12-09","apocanow.de","Adsterra","https://profitableratecpm.com/","0","{}","false","true","false","Existing Client"
"2025-12-09","apocanow.fr","Adsterra","https://profitableratecpm.com/","0","{}","false","true","false","Existing Client"
"2025-12-09","app-killer-dp-soft.es.aptoide.com","Adsterra","https://profitableratecpm.com/","0","{}","false","true","false","Existing Client"
"2025-12-09","app-riser.com","Adsterra","https://profitableratecpm.com/","0","{}","false","true","false","Existing Client"
"2025-12-09","app.backbone.com","Adsterra","https://profitableratecpm.com/","0","{}","false","true","false","Existing Client"
"2025-12-09","app.hometeamlive.com","Adsterra","https://profitableratecpm.com/","0","{}","false","true","false","Existing Client"
"2025-12-09","app.kiy0720.com","Adsterra","https://profitableratecpm.com/","0","{}","false","true","false","Existing Client"
"2025-12-09","app.netfly.com","Adsterra","https://profitableratecpm.com/","0","{}","false","true","false","Existing Client"
"2025-12-09","app.yallalive.pro","Adsterra","https://profitableratecpm.com/","0","{}","false","true","false","Existing Client"
"2025-12-09","blackdesertonlinecheats.com","AdCash","velocitycdn.com/","0","{""emails"": [""speeder@speedercheats.vip""], ""socials"": []}","false","false","false","Heuristic score: 0.20"
"2025-12-09","blazblue-entropy-effect.tr.uptodown.com","AdCash","velocitycdn.com/","0","{""emails"": [], ""socials"": [""https://www.youtube.com/uptodown"", ""https://instagram.com/uptodown"", ""https://www.linkedin.com/company"", ""https://www.facebook.com/Uptodown.International"", ""https://www.facebook.com/Uptodown"", ""https://www.facebook.com/Uptodown.International"", ""https://twitter.com/Uptodown"", ""https://www.youtube.com/user"", ""https://www.linkedin.com/company"", ""https://instagram.com/uptodown""]}","false","false","false","Heuristic score: 0.20"
"2025-12-09","bleach-soul-resonance.en.softonic.com","AdCash","velocitycdn.com/","0","{""emails"": [], ""socials"": [""https://www.facebook.com/sharer"", ""https://www.facebook.com/softonic.en"", ""https://www.instagram.com/Softonic"", ""https://www.linkedin.com/company""]}","false","false","true","Heuristic score: 2.90"
"2025-12-09","bleach-soul-resonance.en.uptodown.com","AdCash","velocitycdn.com/","0","{""emails"": [], ""socials"": [""https://www.youtube.com/uptodown"", ""https://instagram.com/uptodown"", ""https://www.linkedin.com/company"", ""https://www.facebook.com/Uptodown.International"", ""https://www.facebook.com/Uptodown"", ""https://www.facebook.com/Uptodown.International"", ""https://twitter.com/Uptodown"", ""https://www.youtube.com/user"", ""https://www.linkedin.com/company"", ""https://instagram.com/uptodown""]}","false","false","false","Heuristic score: 0.20"
"2025-12-09","blizzboygamers.com","AdCash","velocitycdn.com/","0","{""emails"": [], ""socials"": []}","false","false","false","Heuristic score: 0.00"
"2025-12-09","blog.cheatbook.de","AdCash","velocitycdn.com/","0","{""emails"": [], ""socials"": []}","false","false","false","Heuristic score: 0.20"
"2025-12-09","blog.footybite.is","AdCash","velocitycdn.com/","0","{""emails"": [], ""socials"": [""https://www.instagram.com/footybite_official""]}","false","false","false","Heuristic score: 0.00"
"2025-12-09","blogs.pasoogames.com","AdCash","velocitycdn.com/","0","{""emails"": [], ""socials"": []}","false","false","false","Heuristic score: 1.50"
"2025-12-09","blogsim.wikidot.com","AdCash","velocitycdn.com/","0","{""emails"": [], ""socials"": [""http://twitter.com/home"", ""http://www.facebook.com/share.php"", ""http://www.facebook.com/sharer.php"", ""https://www.youtube.com/watch"", ""https://www.youtube.com/watch"", ""https://www.youtube.com/watch"", ""https://www.youtube.com/watch"", ""https://www.youtube.com/watch"", ""https://www.youtube.com/watch""]}","false","false","false","Heuristic score: 1.50"
"2025-12-09","bloody-knuckles.en.uptodown.com","AdCash","velocitycdn.com/","0","{""emails"": [], ""socials"": [""https://www.youtube.com/uptodown"", ""https://instagram.com/uptodown"", ""https://www.linkedin.com/company"", ""https://www.facebook.com/Uptodown.International"", ""https://www.facebook.com/Uptodown"", ""https://www.facebook.com/Uptodown.International"", ""https://twitter.com/Uptodown"", ""https://www.youtube.com/user"", ""https://www.linkedin.com/company"", ""https://instagram.com/uptodown""]}","false","false","false","Heuristic score: 0.20"
"2025-12-09","blu-ray-com-my-movies.en.aptoide.com","AdCash","velocitycdn.com/","0","{""emails"": [""android@blu-ray.com""], ""socials"": [""https://www.facebook.com/aptoide"", ""https://twitter.com/Aptoide"", ""https://www.instagram.com/aptoideappstore"", ""https://www.youtube.com/user"", ""https://www.facebook.com/aptoide"", ""https://twitter.com/aptoide"", ""https://www.instagram.com/aptoidestore"", ""https://www.youtube.com/user"", ""https://www.linkedin.com/company""]}","false","false","false","Heuristic score: 1.70"
"2025-12-09","blue-archive-global.vi.uptodown.com","AdCash","velocitycdn.com/","0","{""emails"": [], ""socials"": [""https://www.youtube.com/uptodown"", ""https://instagram.com/uptodown"", ""https://www.linkedin.com/company"", ""https://www.facebook.com/Uptodown.International"", ""https://www.facebook.com/Uptodown"", ""https://www.facebook.com/Uptodown.International"", ""https://twitter.com/Uptodown"", ""https://www.youtube.com/user"", ""https://www.linkedin.com/company"", ""https://instagram.com/uptodown""]}","false","false","false","Heuristic score: 0.20"
"2025-12-09","blur-overdrive.br.uptodown.com","AdCash","velocitycdn.com/","0","{""emails"": [], ""socials"": [""https://www.facebook.com/marmaladeplay"", ""https://www.youtube.com/uptodown"", ""https://instagram.com/uptodown"", ""https://www.linkedin.com/company"", ""https://www.facebook.com/Uptodown.International"", ""https://www.facebook.com/marmaladeplay"", ""https://www.facebook.com/Uptodown"", ""https://www.facebook.com/Uptodown.International"", ""https://twitter.com/Uptodown"", ""https://www.youtube.com/user"", ""https://www.linkedin.com/company"", ""https://instagram.com/uptodown""]}","false","false","false","Heuristic score: 0.20"
"2025-12-09","blur-overdrive.tr.uptodown.com","AdCash","velocitycdn.com/","0","{""emails"": [], ""socials"": [""https://www.facebook.com/marmaladeplay"", ""https://www.youtube.com/uptodown"", ""https://instagram.com/uptodown"", ""https://www.linkedin.com/company"", ""https://www.facebook.com/Uptodown.International"", ""https://www.facebook.com/marmaladeplay"", ""https://www.facebook.com/Uptodown"", ""https://www.facebook.com/Uptodown.International"", ""https://twitter.com/Uptodown"", ""https://www.youtube.com/user"", ""https://www.linkedin.com/company"", ""https://instagram.com/uptodown""]}","false","false","false","Heuristic score: 0.20"
"2025-12-09","blur.softonic.com.br","AdCash","velocitycdn.com/","0","{""emails"": [], ""socials"": []}","false","false","false","Heuristic score: 0.00"
"2025-12-09","bmtron.apponic.com","AdCash","velocitycdn.com/","0","{""emails"": [], ""socials"": [""https://www.facebook.com/apponic"", ""https://twitter.com/apponic""]}","false","false","true","Heuristic score: 3.20"
"2025-12-09","bmx-streets.softonic.com.tr","AdCash","velocitycdn.com/","0","{""emails"": [], ""socials"": [""https://www.facebook.com/sharer"", ""https://www.facebook.com/softonic.en"", ""https://www.instagram.com/Softonic"", ""https://www.linkedin.com/company""]}","false","false","true","Heuristic score: 2.90"
"2025-12-09","bollyrulez.net","AdCash","velocitycdn.com/","0","{""emails"": [], ""socials"": []}","false","false","false","Heuristic score: 0.20"
"2025-12-09","bollyrulez.pk","AdCash","velocitycdn.com/","0","{""emails"": [], ""socials"": []}","false","false","false","Heuristic score: 0.00"
"2025-12-09","bollyrulez.us","AdCash","velocitycdn.com/","0","{""emails"": [], ""socials"": []}","false","false","false","Heuristic score: 0.20"
"2025-12-09","bollyrulezz.in.atlaq.com","AdCash","velocitycdn.com/","0","{""emails"": [], ""socials"": [""https://www.facebook.com/GoATLAQ"", ""https://www.instagram.com/goATLAQ"", ""https://twitter.com/GetAtlaq""]}","false","false","false","Heuristic score: 1.70"
"2025-12-09","bombanski.de","AdCash","velocitycdn.com/","0","{}","true","false","false","Blocked"
"2025-12-09","bombermaaan.softonic.com","AdCash","velocitycdn.com/","0","{""emails"": [""f0e540abd02c401a8af5ab8ce8e3eaf1@o4508370636111872.ingest.de.sentry.io""], ""socials"": [""https://www.facebook.com/sharer"", ""https://www.facebook.com/Softonic"", ""https://www.instagram.com/Softonic"", ""https://www.linkedin.com/company""]}","false","false","true","Heuristic score: 2.90"
"2025-12-09","bonelab.techylist.com","AdCash","velocitycdn.com/","0","{""emails"": [], ""socials"": [""https://www.facebook.com/techylist"", ""https://www.facebook.com/techylist"", ""https://www.facebook.com/sharer"", ""https://twitter.com/intent""]}","false","false","false","Heuristic score: 1.80"
"2025-12-09","bonetale-android.en.aptoide.com","AdCash","velocitycdn.com/","0","{""emails"": [""woloned@gmail.com""], ""socials"": [""https://www.facebook.com/aptoide"", ""https://twitter.com/Aptoide"", ""https://www.instagram.com/aptoideappstore"", ""https://www.youtube.com/user"", ""https://www.facebook.com/aptoide"", ""https://twitter.com/aptoide"", ""https://www.instagram.com/aptoidestore"", ""https://www.youtube.com/user"", ""https://www.linkedin.com/company""]}","false","false","false","Heuristic score: 1.70"
"2025-12-09","booflix.com.im","AdCash","velocitycdn.com/","0","{}","false","true","false","Existing Client"
"2025-12-09","booflix.my","AdCash","velocitycdn.com/","0","{}","false","true","false","Existing Client"
"2025-12-09","borderlands.2k.com","AdCash","velocitycdn.com/","0","{}","false","true","false","Existing Client"
"2025-12-09","borderlands4trainer.com","AdCash","velocitycdn.com/","0","{}","false","true","false","Existing Client"
"2025-12-09","boring-man.blogspot.com","AdCash","velocitycdn.com/","0","{}","false","true","false","Existing Client"
"2025-12-09","bouncelightenafternoon.com","AdCash","velocitycdn.com/","0","{}","false","true","false","Existing Client"
"2025-12-09","boxing.footybite.is","AdCash","velocitycdn.com/","0","{}","false","true","false","Existing Client"
"2025-12-09","boxing.footybite.to","AdCash","velocitycdn.com/","0","{}","false","true","false","Existing Client"
"2025-12-09","boxingbite.net.atlaq.com","AdCash","velocitycdn.com/","0","{}","false","true","false","Existing Client"
"2025-12-09","boxingfootybite.livepositively.com","AdCash","velocitycdn.com/","0","{}","false","true","false","Existing Client"
